{"controllerArray":[8,7,7,8,7,7,8,7,7,8,7,7,8,7,7,8,7,7],"generalArray":[{"Type":"ONE","Color":"BLUE","description":"Cornici\/quadretti blu. Una grossa marrone e due piccole (blu verde)"},{"Type":"TWO","Color":"BLUE","description":"Cornici\/quadretti blu. Tre quadretti: uno rosso, uno marrone e uno arancione"},{"Type":"THREE","Color":"BLUE","description":"Cornici\/quadretti blu. Quattro  quadretti: due verde acqua e due grigie"},{"Type":"ONE","Color":"LIGHTBLUE","description":"Trofei. Tre trofei di cui uno ora al centro e due argento ai lati"},{"Type":"TWO","Color":"LIGHTBLUE","description":"Trofei. Uno a forma di chitarra e l'altro a forma di oggetto non ben specificato"},{"Type":"THREE","Color":"LIGHTBLUE","description":"Trofeo d'oro"},{"Type":"ONE","Color":"YELLOW","description":"Scatole di giochi da tavolo. Sono tre, sovrapposte tutte quanto"},{"Type":"TWO","Color":"YELLOW","description":"Scatole di giochi da tavolo. Due sopra a una"},{"Type":"THREE","Color":"YELLOW","description":"Scatole di giochi da tavolo"},{"Type":"ONE","Color":"BEIGE","description":"Libri"},{"Type":"TWO","Color":"BEIGE","description":"Libri"},{"Type":"THREE","Color":"BEIGE","description":"Libri"},{"Type":"ONE","Color":"PINK","description":"Pianta"},{"Type":"TWO","Color":"PINK","description":"Pianta"},{"Type":"THREE","Color":"PINK","description":"Pianta"},{"Type":"ONE","Color":"GREEN","description":"Gatto"},{"Type":"TWO","Color":"GREEN","description":"Gatto"},{"Type":"THREE","Color":"GREEN","description":"Gatto"}]}