{
  "controllerArray": [false,false,false,false,false,false,false,false,false,false,false,false],
  "generalArray": [
    {
      "color": ["BLUE", "LIGHTBLUE", "YELLOW", "WHITE", "PINK", "GREEN"],
      "row": [0,5,3,2,0,1],
      "column": [2,2,1,3,0,4]
    },
    {
      "color": ["BLUE", "LIGHTBLUE", "YELLOW", "WHITE", "PINK", "GREEN"],
      "row": [3,1,5,3,4,5],
      "column": [1,1,0,2,4,3]
    },
    {
      "color": ["BLUE", "LIGHTBLUE", "YELLOW", "WHITE", "PINK", "GREEN"],
      "row": [3,5,0,1,2,4],
      "column": [2,3,0,1,2,4]
    },
    {
      "color": ["BLUE", "LIGHTBLUE", "YELLOW", "WHITE", "PINK", "GREEN"],
      "row": [2,2,0,4,3,4],
      "column": [2,0,4,1,3,2]
    },
    {
      "color": ["BLUE", "LIGHTBLUE", "YELLOW", "WHITE", "PINK", "GREEN"],
      "row": [1,3,1,5,2,3],
      "column": [0,4,3,0,2,1]
    },
    {
      "color": ["BLUE", "LIGHTBLUE", "YELLOW", "WHITE", "PINK", "GREEN"],
      "row": [4,0,1,2,5,3],
      "column": [1,4,1,0,3,3]
    },
    {
      "color": ["BLUE", "LIGHTBLUE", "YELLOW", "WHITE", "PINK", "GREEN"],
      "row": [5,4,0,3,4,2],
      "column": [0,1,2,4,4,2]
    },
    {
      "color": ["BLUE", "LIGHTBLUE", "YELLOW", "WHITE", "PINK", "GREEN"],
      "row": [2,3,4,0,1,5],
      "column": [2,3,4,2,1,0]
    },
    {
      "color": ["BLUE", "LIGHTBLUE", "YELLOW", "WHITE", "PINK", "GREEN"],
      "row": [1,3,4,5,2,0],
      "column": [3,0,4,2,1,0]
    },
    {
      "color": ["BLUE", "LIGHTBLUE", "YELLOW", "WHITE", "PINK", "GREEN"],
      "row": [0,2,5,4,3,1],
      "column": [4,2,3,3,0,1]
    },
    {
      "color": ["BLUE", "LIGHTBLUE", "YELLOW", "WHITE", "PINK", "GREEN"],
      "row": [4,0,4,2,5,0],
      "column": [3,2,1,3,0,4]
    },
    {
      "color": ["BLUE", "LIGHTBLUE", "YELLOW", "WHITE", "PINK", "GREEN"],
      "row": [5,4,2,3,1,2],
      "column": [4,3,2,4,1,0]
    }
  ]
}